<?xml version="1.0" encoding="UTF-8"?>
<component xmlns="http://www.opensource-socialnetwork.org/v/3.0">
    <name>Package Manager-</name>
    <id>PackageManager</id>
    <author>Jennifer Joseph</author>
    <description>Package Manager Component, that allows for the creation of different member packages a User can sign up to.</description>
    <license>GNU General Public License, version 2</license>
    <author_url>http://www.jenniferjoseph.com.au/</author_url>
    <license_url>http://www.opensource-socialnetwork.org/licence/</license_url>
    <version>2.0</version>
	<requires>
		<type>ossn_version</type>
		<version>3.0</version>
	</requires>
</component>