<?xml version="1.0" encoding="UTF-8"?>
<component xmlns="http://www.opensource-socialnetwork.org/v/3.0">
    <name>User Memory Usage</name>
    <id>UserMemoryUsage</id>
    <author>Jennifer Joseph</author>
    <description>User Memory Usage Component, allows the user to view and manage their current memory usage.</description>
    <license>GNU General Public License, version 2</license>
    <author_email>me@jenniferjoseph.com.au</author_email>
    <license_url>http://www.opensource-socialnetwork.org/licence/</license_url>
    <version>2.0</version>
	<requires>
		<type>ossn_version</type>
		<version>3.0</version>
	</requires>
</component>