<?xml version="1.0" encoding="UTF-8"?>
<component xmlns="http://www.opensource-socialnetwork.org/v/3.0">
    <name>User Memory Allocation</name>
    <id>usermemoryallocation</id>
    <author>Jennifer Joseph</author>
    <description>Calculates the memory of a User's Post, and based on their account type, will mark items over quota for deletion. </description>
    <license>GNU General Public License v3</license>
    <author_email>me@jenniferjoseph.com.au</author_email>
    <license_url>http://www.opensource-socialnetwork.org/licence/</license_url>
    <version>4.1</version>
    <requires>
        <type>ossn_version</type>
        <version>4.0</version>
    </requires>
</component>